{"square": [{"nodeType": "nurbsCurve", "knot": [0.0, 1.0, 2.0, 3.0, 4.0], "degree": 1, "form": 2, "point": [[-0.5, 0.0, -0.5], [-0.5, 0.0, 0.5], [0.5, 0.0, 0.5], [0.5, 0.0, -0.5], [-0.5, 0.0, -0.5]], "knotDomain": [0.0, 4.0]}], "circle": [{"nodeType": "nurbsCurve", "knot": [-2.0, -1.0, 0.0, 1.0, 2.0, 3.0, 4.0, 5.0, 6.0, 7.0, 8.0, 9.0, 10.0], "degree": 3, "form": 2, "point": [[0.3535533812282971, 2.16489008324479e-17, -0.35355338122829716], [3.0616169167717995e-17, 3.0616169167717995e-17, -0.49999998675592283], [-0.3535533812282971, 2.1648900832447897e-17, -0.35355338122829705], [-0.49999998675592305, 1.5871476160648335e-33, -2.5920087606808226e-17], [-0.3535533812282971, -2.1648900832447897e-17, 0.3535533812282971], [-5.00853406389898e-17, -3.0616169167718013e-17, 0.4999999867559231], [0.3535533812282971, -2.1648900832447897e-17, 0.35355338122829705], [0.49999998675592305, -4.175116179511213e-33, 6.818482165499623e-17], [0.3535533812282971, 2.16489008324479e-17, -0.35355338122829716], [3.0616169167717995e-17, 3.0616169167717995e-17, -0.49999998675592283], [-0.3535533812282971, 2.1648900832447897e-17, -0.35355338122829705]], "knotDomain": [0.0, 8.0]}], "locator": [{"nodeType": "locator", "localPosition": [0.0, 0.0, 0.0], "localScale": [1.0, 1.0, 1.0]}], "cube": [{"nodeType": "nurbsCurve", "knot": [0.0, 1.0, 2.0, 3.0, 4.0, 5.0, 6.0, 7.0, 8.0, 9.0, 10.0, 11.0, 12.0, 13.0, 14.0, 15.0], "degree": 1, "form": 0, "point": [[0.5000000149011612, 0.5000000149011612, -0.5000000149011612], [-0.5000000149011612, 0.5000000149011612, -0.5000000149011612], [-0.5000000149011612, 0.5000000149011612, 0.5000000149011612], [0.5000000149011612, 0.5000000149011612, 0.5000000149011612], [0.5000000149011612, 0.5000000149011612, -0.5000000149011612], [0.5000000149011612, -0.5000000149011612, -0.5000000149011612], [-0.5000000149011612, -0.5000000149011612, -0.5000000149011612], [-0.5000000149011612, 0.5000000149011612, -0.5000000149011612], [-0.5000000149011612, 0.5000000149011612, 0.5000000149011612], [-0.5000000149011612, -0.5000000149011612, 0.5000000149011612], [-0.5000000149011612, -0.5000000149011612, -0.5000000149011612], [-0.5000000149011612, -0.5000000149011612, 0.5000000149011612], [0.5000000149011612, -0.5000000149011612, 0.5000000149011612], [0.5000000149011612, 0.5000000149011612, 0.5000000149011612], [0.5000000149011612, -0.5000000149011612, 0.5000000149011612], [0.5000000149011612, -0.5000000149011612, -0.5000000149011612]], "knotDomain": [0.0, 15.0]}], "sphere_lined": [{"nodeType": "nurbsCurve", "knot": [0.0, 1.0, 2.0, 3.0, 4.0, 5.0, 6.0, 7.0, 8.0, 9.0, 10.0, 11.0, 12.0, 13.0, 14.0, 15.0, 16.0, 17.0, 18.0, 19.0, 20.0, 21.0, 22.0, 23.0, 24.0, 25.0, 26.0, 27.0, 28.0, 29.0, 30.0, 31.0, 32.0, 33.0, 34.0, 35.0, 36.0, 37.0, 38.0, 39.0, 40.0, 41.0, 42.0, 43.0, 44.0, 45.0, 46.0, 47.0, 48.0, 49.0, 50.0, 51.0, 52.0, 53.0, 54.0, 55.0, 56.0, 57.0, 58.0, 59.0, 60.0, 61.0, 62.0, 63.0, 64.0, 65.0, 66.0, 67.0, 68.0, 69.0, 70.0, 71.0, 72.0, 73.0, 74.0, 75.0, 76.0, 77.0, 78.0, 79.0, 80.0, 81.0, 82.0, 83.0, 84.0, 85.0, 86.0, 87.0, 88.0, 89.0, 90.0, 91.0, 92.0, 93.0, 94.0, 95.0, 96.0, 97.0, 98.0, 99.0, 100.0, 101.0, 102.0, 103.0, 104.0, 105.0, 106.0, 107.0, 108.0, 109.0, 110.0], "degree": 1, "form": 0, "point": [[0.0, 0.4999997615814422, 0.0], [0.0, 0.4938439458159746, -0.07821723814379289], [0.0, 0.47552804325665116, -0.15450850212165737], [0.0, 0.44550305223311193, -0.22699525559170555], [0.0, 0.40450830840660806, -0.2938926308666493], [0.0, 0.35355321595508915, -0.3535533947689382], [0.0, 0.2938924818551084, -0.4045084872204571], [0.0, 0.22699515128362693, -0.44550326084926917], [0.0, 0.15450841271473284, -0.47552828167511657], [0.0, 0.07821714873686836, -0.49384418423444004], [0.0, 0.0, -0.49999999999990763], [-0.15450850212165737, 0.0, -0.4755282518728084], [-0.2938926010643411, 0.0, -0.40450845741814895], [-0.40450842761584077, 0.0, -0.29389257126203294], [-0.47552816246588386, 0.0, -0.1545084574181951], [-0.4999998807906749, 0.0, 0.0], [-0.47552816246588386, 0.0, 0.1545084574181951], [-0.4045083978135326, 0.0, 0.29389254145972477], [-0.29389254145972477, 0.0, 0.4045083680112244], [-0.1545084574181951, 0.0, 0.4755281028612675], [-1.4901154088420934e-08, 0.0, 0.49999982118605857], [-1.4717696482419211e-08, 0.07821714873686836, 0.493844005420591], [-1.417184004952464e-08, 0.15450841271473284, 0.4755281028612675], [-1.3277025587353466e-08, 0.22699515128362693, 0.4455031118377283], [-1.2055287015635015e-08, 0.2938924818551084, 0.4045083680112244], [-1.0536706923100029e-08, 0.35355321595508915, 0.3535532457573973], [-8.758678491565836e-09, 0.40450830840660806, 0.2938925116574166], [-6.764982678998319e-09, 0.44550305223311193, 0.2269951810859351], [-4.604709971424548e-09, 0.47552804325665116, 0.15450844251704102], [-2.3310542372139593e-09, 0.4938439458159746, 0.07821720834148471], [0.0, 0.4999997615814422, 0.0], [-0.0782172232426388, 0.4938439458159746, 0.0], [-0.1545084574181951, 0.47552804325665116, 0.0], [-0.2269952108882433, 0.44550305223311193, 0.0], [-0.29389254145972477, 0.40450830840660806, 0.0], [-0.3535533053620137, 0.35355321595508915, 0.0], [-0.4045083978135326, 0.2938924818551084, 0.0], [-0.44550317144234464, 0.22699515128362693, 0.0], [-0.47552816246588386, 0.15450841271473284, 0.0], [-0.49384406502520733, 0.07821714873686836, 0.0], [-0.4999998807906749, 0.0, 0.0], [-0.49384406502520733, -0.07821714873686836, 0.0], [-0.47552816246588386, -0.15450841271473284, 0.0], [-0.44550317144234464, -0.22699515128362693, 0.0], [-0.4045083978135326, -0.2938924818551084, 0.0], [-0.3535533053620137, -0.35355321595508915, 0.0], [-0.29389254145972477, -0.40450830840660806, 0.0], [-0.2269952108882433, -0.44550305223311193, 0.0], [-0.1545084574181951, -0.47552804325665116, 0.0], [-0.0782172232426388, -0.4938439458159746, 0.0], [0.0, -0.4999997615814422, 0.0], [0.07821720089090767, -0.4938439458159746, 0.0], [0.15450842761588693, -0.47552804325665116, 0.0], [0.22699515128362693, -0.44550305223311193, 0.0], [0.2938924818551084, -0.40450830840660806, 0.0], [0.35355321595508915, -0.35355321595508915, 0.0], [0.40450830840660806, -0.2938924818551084, 0.0], [0.44550305223311193, -0.22699515128362693, 0.0], [0.47552804325665116, -0.15450841271473284, 0.0], [0.4938439458159746, -0.07821714873686836, 0.0], [0.4999997615814422, 0.0, 0.0], [0.4938439458159746, 0.07821714873686836, 0.0], [0.47552804325665116, 0.15450841271473284, 0.0], [0.44550305223311193, 0.22699515128362693, 0.0], [0.40450830840660806, 0.2938924818551084, 0.0], [0.35355321595508915, 0.35355321595508915, 0.0], [0.2938924818551084, 0.40450830840660806, 0.0], [0.22699515128362693, 0.44550305223311193, 0.0], [0.15450842761588693, 0.47552804325665116, 0.0], [0.07821720089090767, 0.4938439458159746, 0.0], [0.0, 0.4999997615814422, 0.0], [-2.3310542372139593e-09, 0.4938439458159746, 0.07821720834148471], [-4.604709971424548e-09, 0.47552804325665116, 0.15450844251704102], [-6.764982678998319e-09, 0.44550305223311193, 0.2269951810859351], [-8.758678491565836e-09, 0.40450830840660806, 0.2938925116574166], [-1.0536706923100029e-08, 0.35355321595508915, 0.3535532457573973], [-1.2055287015635015e-08, 0.2938924818551084, 0.4045083680112244], [-1.3277025587353466e-08, 0.22699515128362693, 0.4455031118377283], [-1.417184004952464e-08, 0.15450841271473284, 0.4755281028612675], [-1.4717696482419211e-08, 0.07821714873686836, 0.493844005420591], [-1.4901154088420934e-08, 0.0, 0.49999982118605857], [0.15450841271473284, 0.0, 0.47552807305895933], [0.2938924818551084, 0.0, 0.40450833820891624], [0.40450830840660806, 0.0, 0.2938925116574166], [0.47552804325665116, 0.0, 0.15450842761588693], [0.4999997615814422, 0.0, 0.0], [0.4755283412797329, 0.0, -0.15450851702281146], [0.40450857662738166, 0.0, -0.2938926606689575], [0.2938926606689575, 0.0, -0.4045085468250735], [0.15450850212165737, 0.0, -0.47552828167511657], [0.0, 0.0, -0.49999999999990763], [0.0, -0.07821714873686836, -0.49384418423444004], [0.0, -0.15450841271473284, -0.47552828167511657], 